{
  "Valle_Mexico": {
    "region": "Valle_Mexico",
    "T_media": 18.3287903667214,
    "PREC_anual": 727.3799999854524,
    "amp_PREC": 168.05999999663882,
    "indice_bimodal": 2.772580998555127,
    "beta_P": 0.7679076431223772,
    "beta_G": 0.8226988834888527,
    "beta_C": 1.0,
    "gamma_PG": 0.48430702659782565,
    "ratio_PG": 0.6093205438087257,
    "coex_PG": true,
    "prediccion": "BIMODAL FUERTE ✓",
    "PREC_ciclo": [
      4.419999999911599,
      4.899999999902,
      6.5199999998696,
      9.999999999799998,
      19.8199999996036,
      108.41999999783158,
      172.47999999655042,
      162.1799999967564,
      165.71999999668563,
      53.779999998924396,
      10.99999999978,
      8.1399999998372
    ],
    "T_ciclo": [
      15.514193548076815,
      17.06940886665369,
      19.64903225767154,
      20.877999999582435,
      21.390967741507666,
      20.481333332923704,
      19.22645161251869,
      18.55483870930632,
      18.3199999996336,
      17.38129032223302,
      16.483333333003664,
      14.977419354539162
    ],
    "psi_P": [
      2.044236877347529e-07,
      0.0981235745182605,
      0.42928994858744274,
      0.9999999999,
      0.9999999999,
      0.6504662759041923,
      1.015401596036792e-08,
      0.10458637508106594,
      0.06864115839739998,
      0.9999999999,
      0.9999999999,
      0.7604563226566249
    ],
    "psi_G": [
      0.0,
      0.0,
      0.0,
      0.0,
      0.0,
      0.34953372399580773,
      0.999999989745984,
      0.895413624818934,
      0.9313588415026,
      0.0,
      0.0,
      0.0
    ],
    "psi_C": [
      0.9999997954763122,
      0.9018764253817395,
      0.5707100513125573,
      0.0,
      0.0,
      0.0,
      0.0,
      0.0,
      0.0,
      0.0,
      0.0,
      0.23954367724337514
    ]
  },
  "Acapulco": {
    "region": "Acapulco",
    "T_media": 28.148713738368908,
    "PREC_anual": 1504.8399999699031,
    "amp_PREC": 480.9399999903812,
    "indice_bimodal": 3.1959543616919723,
    "beta_P": 0.5416756523871188,
    "beta_G": 1.0,
    "beta_C": 0.6007594912715917,
    "gamma_PG": 0.3172934710521876,
    "ratio_PG": 0.43111335656796934,
    "coex_PG": true,
    "prediccion": "BIMODAL FUERTE ✓",
    "PREC_ciclo": [
      7.0599999998588,
      1.7799999999644,
      1.2599999999748,
      0.3199999999936,
      15.439999999691201,
      239.799999995204,
      165.6799999966864,
      323.03999999353914,
      481.2599999903748,
      233.95999999532083,
      28.739999999425205,
      6.49999999987
    ],
    "T_ciclo": [
      27.216129031713738,
      27.278152708814044,
      27.590322580093353,
      28.53799999942924,
      29.258064515543868,
      28.513333332763064,
      28.944516128453365,
      28.496129031688138,
      28.18199999943636,
      28.3799999994324,
      28.02266666610621,
      27.31161290267957
    ],
    "psi_P": [
      0.9999999999,
      0.22348775048466962,
      0.14388942811911776,
      1.5307369692486844e-07,
      0.9999999999,
      0.8317132623032689,
      0.9999999999,
      0.5449916037784516,
      3.4445177817696243e-09,
      0.851829246034467,
      0.9999999999,
      0.9459955996489102
    ],
    "psi_G": [
      0.0,
      0.0,
      0.0,
      0.0,
      0.0,
      0.168286737596731,
      0.0,
      0.4550083961215484,
      0.9999999964554822,
      0.14817075386553297,
      0.0,
      0.0
    ],
    "psi_C": [
      0.0,
      0.7765122494153304,
      0.8561105717808822,
      0.999999846826303,
      0.0,
      0.0,
      0.0,
      0.0,
      0.0,
      0.0,
      0.0,
      0.054004400251089796
    ]
  },
  "Monterrey": {
    "region": "Monterrey",
    "T_media": 22.72359058565955,
    "PREC_anual": 519.2399999896153,
    "amp_PREC": 62.9599999987408,
    "indice_bimodal": 0.48501655145944333,
    "beta_P": 0.6116743652765846,
    "beta_G": 0.7192229876250094,
    "beta_C": 1.0,
    "gamma_PG": 0.4543376811920828,
    "ratio_PG": 0.6849941102148236,
    "coex_PG": true,
    "prediccion": "régimen único",
    "PREC_ciclo": [
      21.679999999566398,
      21.9199999995616,
      29.139999999417203,
      50.779999998984415,
      51.519999998969595,
      75.4599999984908,
      72.7799999985444,
      12.49999999975,
      57.99999999884,
      54.9399999989012,
      47.199999999056004,
      23.3199999995336
    ],
    "T_ciclo": [
      15.268387096468828,
      16.307807881447243,
      20.810967741519267,
      23.468666666197294,
      26.789677418819043,
      28.145333332770424,
      28.26064516072511,
      28.750967741360462,
      26.509333332803145,
      22.767096773738206,
      18.597999999628037,
      16.64193548353813
    ],
    "psi_P": [
      0.6336890895995545,
      0.6502561228170775,
      0.9999999999,
      0.9999999999,
      0.9999999999,
      4.4102209435545464e-08,
      0.11819396512123874,
      6.902930504291403e-08,
      0.7700246190993172,
      0.9049773796658208,
      0.9999999999,
      0.7468971499192942
    ],
    "psi_G": [
      0.0,
      0.0,
      0.0,
      0.0,
      0.0,
      0.9999999557977906,
      0.8818060347787613,
      0.0,
      0.22997538080068278,
      0.09502262023417918,
      0.0,
      0.0
    ],
    "psi_C": [
      0.36631091030044555,
      0.3497438770829225,
      0.0,
      0.0,
      0.0,
      0.0,
      0.0,
      0.9999999308706949,
      0.0,
      0.0,
      0.0,
      0.25310284998070576
    ]
  },
  "Veracruz": {
    "region": "Veracruz",
    "T_media": 27.201642036124795,
    "PREC_anual": 1048.9199999790217,
    "amp_PREC": 202.39999999595202,
    "indice_bimodal": 1.543683008690657,
    "beta_P": 0.7982173450640101,
    "beta_G": 0.9162933489612255,
    "beta_C": 1.0,
    "gamma_PG": 0.49569702831388807,
    "ratio_PG": 0.5796134675295925,
    "coex_PG": true,
    "prediccion": "bimodal moderado ✓",
    "PREC_ciclo": [
      29.859999999402802,
      11.3599999997728,
      4.699999999906,
      10.7799999997844,
      38.9199999992216,
      184.1599999963168,
      207.099999995858,
      181.199999996376,
      195.39999999609202,
      106.27999999787437,
      49.1799999990164,
      29.979999999400395
    ],
    "T_ciclo": [
      23.5199999995296,
      23.815862068489203,
      26.650322580112153,
      28.84666666608973,
      30.45741935422956,
      29.53266666607601,
      29.068387096192822,
      28.759354838134488,
      28.542666666095815,
      27.572258063964682,
      25.651333332820304,
      23.835483870491036
    ],
    "psi_P": [
      0.9970042321355455,
      0.26391291411423096,
      3.962655780890362e-08,
      0.2409295106303193,
      0.9999999999,
      0.31381841602262656,
      1.3679965159294281e-08,
      0.354311113099099,
      0.16005560685385942,
      0.9999999999,
      0.9999999999,
      0.9999999999
    ],
    "psi_G": [
      0.0,
      0.0,
      0.0,
      0.0,
      0.0,
      0.6861815838773735,
      0.9999999862200348,
      0.645688886800901,
      0.8399443930461405,
      0.0,
      0.0,
      0.0
    ],
    "psi_C": [
      0.0029957677644545278,
      0.7360870857857691,
      0.9999999602734422,
      0.7590704892696807,
      0.0,
      0.0,
      0.0,
      0.0,
      0.0,
      0.0,
      0.0,
      0.0
    ]
  }
}